Order_ID,Order_Date,Customer,Region,Product,Sales,Cost,Profit,Year,Month,Profit_Margin_%
1001,2023-01-13,Rohit,South,Mobile,23289,19118,4171,2023,January,17.909742797028642
1002,2023-10-07,Aman,West,Laptop,8905,5593,3312,2023,October,37.192588433464344
1003,2023-11-05,Rahul,South,Monitor,59987,39959,20028,2023,November,33.38723390067848
1004,2024-02-19,Rahul,South,Printer,49597,33892,15705,2024,February,31.665221686795576
1005,2024-01-26,Anjali,North,Laptop,54797,34468,20329,2024,January,37.09874628173075
1006,2023-11-06,Rohit,North,Printer,75284,47989,27295,2023,November,36.256043780883054
1007,2023-02-10,Suresh,East,Monitor,52400,40515,11885,2023,February,22.681297709923665
1008,2023-01-24,Priya,East,Laptop,35512,30538,4974,2023,January,14.006533002928586
1009,2023-08-21,Anjali,South,Tablet,51566,34180,17386,2023,August,33.71601442811155
1010,2023-12-16,Aman,South,Monitor,37087,24070,13017,2023,December,35.09855205328012
1011,2023-11-24,Suresh,South,Tablet,12331,8245,4086,2023,November,33.13599870245722
1013,2024-03-24,Anjali,South,Printer,56856,49203,7653,2024,March,13.460320810468552
1014,2023-03-15,Rohit,South,Mobile,78579,59853,18726,2023,March,23.8307944870767
1015,2023-08-08,Kiran,West,Tablet,33746,30344,3402,2023,August,10.081194808273573
1016,2023-09-10,Aman,North,Laptop,25033,19731,5302,2023,September,21.180042344105782
1017,2023-08-05,Kiran,North,Printer,55019,42846,12173,2023,August,22.125084061869536
1018,2023-05-09,Suresh,North,Laptop,75381,62209,13172,2023,May,17.47389925843382
1019,2023-06-24,Aman,East,Printer,25730,18940,6790,2023,June,26.38942868247182
1020,2024-03-24,Rohit,South,Monitor,18947,16316,2631,2024,March,13.886103340898295
1021,2023-11-24,Suresh,South,Mobile,54009,44760,9249,2023,November,17.12492362384047
1022,2024-02-03,Suresh,North,Monitor,47487,35452,12035,2024,February,25.343778297218183
1023,2023-07-05,Rohit,South,Laptop,36571,31575,4996,2023,July,13.661097590987396
1024,2023-02-13,Pooja,North,Monitor,21483,13717,7766,2023,February,36.14951356886841
1025,2023-10-09,Neha,East,Monitor,60461,53768,6693,2023,October,11.069945915548866
1026,2024-01-22,Priya,East,Printer,53944,39456,14488,2024,January,26.857481833012013
1027,2023-03-03,Priya,South,Laptop,49313,29898,19415,2023,March,39.370956948472006
1028,2023-10-29,Priya,North,Laptop,12716,8502,4214,2023,October,33.13935199748349
1029,2024-03-16,Anjali,North,Monitor,36195,24740,11455,2024,March,31.64801768200028
1030,2023-10-04,Neha,West,Mobile,66993,56424,10569,2023,October,15.776275133222875
1031,2023-02-19,Vikas,East,Printer,58883,43579,15304,2023,February,25.990523580659953
1032,2023-12-11,Aman,North,Printer,49473,41566,7907,2023,December,15.982455076506378
1033,2023-04-09,Priya,West,Mobile,60296,39496,20800,2023,April,34.496484012206444
1034,2024-03-23,Aman,West,Monitor,17833,10970,6863,2024,March,38.48483149217742
1035,2024-03-04,Rahul,North,Mobile,26798,19346,7452,2024,March,27.808045376520635
1036,2024-03-18,Vikas,North,Mobile,54672,32838,21834,2024,March,39.93634767339771
1037,2024-02-06,Pooja,East,Printer,77845,62164,15681,2024,February,20.143875650330788
1038,2023-04-08,Rohit,South,Laptop,76066,47030,29036,2023,April,38.17211369074225
1039,2023-01-26,Kiran,West,Monitor,74615,48293,26322,2023,January,35.27708905716009
1040,2023-02-11,Neha,North,Monitor,13907,11161,2746,2023,February,19.74545193068239
1041,2023-03-03,Kiran,South,Monitor,10209,8022,2187,2023,March,21.422274463708494
1042,2023-10-26,Kiran,East,Tablet,31772,25446,6326,2023,October,19.910613118469094
1043,2023-05-16,Vikas,South,Tablet,64929,45116,19813,2023,May,30.514870088866303
1044,2023-02-07,Rahul,West,Monitor,78792,70820,7972,2023,February,10.117778454665448
1045,2023-04-20,Suresh,East,Mobile,50745,43856,6889,2023,April,13.575721745984826
1046,2023-07-09,Rohit,South,Printer,76200,61802,14398,2023,July,18.89501312335958
1047,2024-02-18,Suresh,North,Monitor,44240,38910,5330,2024,February,12.047920433996383
1048,2024-03-25,Neha,East,Laptop,19029,15655,3374,2024,March,17.730831888170687
1049,2023-05-25,Kiran,South,Tablet,31685,25546,6139,2023,May,19.37509862711062
1050,2023-09-16,Pooja,East,Laptop,17097,13511,3586,2023,September,20.97443996022694
1051,2023-01-23,Rahul,East,Mobile,39335,25507,13828,2023,January,35.15444260836405
1052,2023-12-28,Vikas,North,Laptop,14862,13130,1732,2023,December,11.653882384605033
1053,2023-03-18,Suresh,North,Tablet,77420,49891,27529,2023,March,35.55799535003875
1054,2023-06-07,Anjali,North,Tablet,32535,26178,6357,2023,June,19.538958045182113
1055,2023-07-01,Suresh,West,Monitor,25257,22168,3089,2023,July,12.230272795660609
1056,2023-03-25,Neha,West,Laptop,28509,23405,5104,2023,March,17.90311831351503
1057,2023-07-30,Priya,East,Mobile,19168,13700,5468,2023,July,28.52671118530885
1059,2024-03-22,Priya,South,Laptop,30313,21811,8502,2024,March,28.047372414475635
1060,2023-02-05,Rohit,East,Monitor,57386,46130,11256,2023,February,19.61454013173945
1061,2023-06-19,Rahul,North,Tablet,28405,21990,6415,2023,June,22.584052103502906
1062,2023-01-20,Aman,West,Tablet,46114,33705,12409,2023,January,26.909398447326193
1063,2023-03-01,Vikas,South,Tablet,10817,8790,2027,2023,March,18.73902190995655
1065,2023-06-19,Kiran,East,Laptop,44363,33367,10996,2023,June,24.786421116696346
1066,2023-06-17,Vikas,East,Monitor,21683,14257,7426,2023,June,34.24802840935295
1067,2023-07-14,Neha,East,Printer,76819,65305,11514,2023,July,14.988479412645308
1068,2023-04-18,Vikas,East,Printer,62905,46087,16818,2023,April,26.73555361259041
1069,2023-08-31,Neha,North,Tablet,72561,57987,14574,2023,August,20.08516971927068
1070,2023-02-17,Priya,East,Mobile,31100,20034,11066,2023,February,35.58199356913183
1072,2024-01-03,Vikas,West,Printer,36979,23824,13155,2024,January,35.57424484166689
1073,2024-01-20,Aman,West,Mobile,28053,23599,4454,2024,January,15.877089794317897
1074,2023-08-26,Rahul,South,Laptop,64829,41490,23339,2023,August,36.0008638109488
1075,2023-09-29,Suresh,East,Printer,71162,51807,19355,2023,September,27.198504819988194
1076,2023-08-17,Neha,West,Printer,38972,32172,6800,2023,August,17.448424509904548
1077,2023-05-22,Suresh,West,Mobile,40992,30004,10988,2023,May,26.805230288836846
1078,2023-05-01,Rohit,East,Tablet,75798,47311,28487,2023,May,37.58278582548352
1079,2023-07-16,Neha,South,Laptop,59377,42886,16491,2023,July,27.773380265085805
1080,2023-08-01,Rahul,South,Printer,56049,48843,7206,2023,August,12.856607611197346
1081,2023-12-23,Rahul,West,Printer,5772,5095,677,2023,December,11.729036729036729
1082,2023-07-19,Vikas,South,Printer,33760,23020,10740,2023,July,31.81279620853081
1083,2023-07-19,Anjali,West,Mobile,66261,58035,8226,2023,July,12.414542491058087
1084,2023-10-01,Rahul,West,Monitor,78975,63093,15882,2023,October,20.110161443494775
1085,2023-08-08,Neha,West,Mobile,11590,7858,3732,2023,August,32.200172562553924
1086,2023-08-21,Anjali,East,Printer,41471,34238,7233,2023,August,17.441103421668153
1087,2023-05-10,Aman,West,Laptop,75702,46604,29098,2023,May,38.437557792396504
1088,2023-04-25,Aman,North,Laptop,37411,24684,12727,2023,April,34.01940605704205
1090,2023-04-22,Pooja,East,Tablet,26992,21101,5891,2023,April,21.82498518079431
1091,2024-01-03,Aman,South,Tablet,19168,14828,4340,2024,January,22.641903171953256
1092,2023-10-22,Vikas,West,Mobile,14961,11634,3327,2023,October,22.237818327651894
1093,2023-05-05,Aman,East,Monitor,20866,17503,3363,2023,May,16.117128342758555
1094,2023-01-22,Anjali,West,Tablet,14038,10553,3485,2023,January,24.825473714204303
1095,2024-03-10,Vikas,West,Laptop,61822,54912,6910,2024,March,11.177250816861312
1096,2024-02-29,Pooja,South,Printer,28086,23034,5052,2024,February,17.987609485152745
1097,2023-05-19,Kiran,West,Printer,62091,52635,9456,2023,May,15.229260279267526
1098,2023-06-15,Priya,North,Tablet,64087,43140,20947,2023,June,32.68525598015198
1099,2023-11-09,Vikas,East,Laptop,69789,59689,10100,2023,November,14.472194758486296
1100,2023-04-19,Anjali,East,Tablet,41655,35993,5662,2023,April,13.592605929660303
1101,2023-05-22,Suresh,North,Monitor,30042,18796,11246,2023,May,37.43425870448039
1102,2023-09-08,Suresh,South,Printer,69332,50921,18411,2023,September,26.554837593030634
1104,2023-08-31,Suresh,East,Printer,77140,53939,23201,2023,August,30.07648431423386
1105,2023-05-19,Rohit,East,Mobile,20814,16992,3822,2023,May,18.36264053041222
1106,2024-01-16,Suresh,South,Mobile,33361,27408,5953,2024,January,17.844189322862025
1107,2023-10-29,Suresh,East,Laptop,30443,20971,9472,2023,October,31.113884965345072
1108,2023-06-04,Rahul,South,Tablet,10965,9783,1182,2023,June,10.779753761969904
1109,2023-12-24,Neha,West,Laptop,6607,5102,1505,2023,December,22.778870894505825
1110,2023-08-14,Anjali,South,Laptop,38092,33609,4483,2023,August,11.768875354405123
1111,2024-02-25,Aman,West,Printer,14710,11372,3338,2024,February,22.692046227056426
1112,2023-03-19,Neha,East,Laptop,37530,23851,13679,2023,March,36.44817479349853
1113,2023-11-07,Kiran,South,Monitor,54856,40327,14529,2023,November,26.485708035584075
1114,2024-03-16,Kiran,West,Tablet,79531,62535,16996,2024,March,21.370283285762785
1115,2024-01-14,Aman,South,Mobile,39687,31675,8012,2024,January,20.18797087207398
1116,2023-03-30,Suresh,North,Mobile,5350,3865,1485,2023,March,27.757009345794394
1117,2023-08-29,Rohit,North,Mobile,42762,34726,8036,2023,August,18.79238576306066
1118,2023-08-21,Aman,South,Tablet,30928,22501,8427,2023,August,27.247154681841696
1119,2023-11-28,Neha,East,Mobile,14359,8872,5487,2023,November,38.21296747684379
1120,2023-11-01,Kiran,East,Printer,21299,15774,5525,2023,November,25.940184985210575
1121,2023-07-26,Rohit,West,Printer,15543,12114,3429,2023,July,22.061378112333525
1122,2024-01-12,Anjali,East,Laptop,16970,11347,5623,2024,January,33.13494401885681
1123,2024-03-16,Kiran,North,Tablet,10273,8515,1758,2024,March,17.112820013627957
1124,2023-09-23,Pooja,East,Mobile,62132,49111,13021,2023,September,20.95699478529582
1125,2023-02-16,Pooja,East,Printer,48687,33901,14786,2023,February,30.369503152792326
1126,2023-03-24,Anjali,West,Printer,42777,34169,8608,2023,March,20.12296327465694
1127,2024-01-25,Suresh,North,Printer,16542,11486,5056,2024,January,30.56462338290412
1128,2024-01-31,Vikas,North,Monitor,65552,47457,18095,2024,January,27.604039541127655
1129,2023-07-05,Kiran,West,Printer,11764,7776,3988,2023,July,33.90003400204012
1130,2023-05-28,Pooja,West,Laptop,8783,7833,950,2023,May,10.816349766594557
1131,2023-05-03,Neha,East,Monitor,6792,5200,1592,2023,May,23.439340400471142
1132,2024-03-06,Aman,West,Laptop,25181,18873,6308,2024,March,25.050633414082046
1133,2023-09-18,Rohit,West,Printer,66894,45027,21867,2023,September,32.689030406314465
1134,2023-07-16,Priya,South,Laptop,41208,34276,6932,2023,July,16.821976315278587
1135,2023-06-24,Suresh,East,Laptop,42072,34407,7665,2023,June,18.218767826583
1136,2023-10-24,Pooja,South,Printer,75592,56338,19254,2023,October,25.47094930680495
1137,2024-01-26,Suresh,West,Printer,47176,40612,6564,2024,January,13.913854502289299
1138,2023-05-03,Kiran,West,Mobile,58841,36075,22766,2023,May,38.690708859468735
1139,2023-12-28,Vikas,West,Mobile,69923,62192,7731,2023,December,11.056447806873274
1140,2023-10-30,Anjali,North,Printer,18069,13692,4377,2023,October,24.22380873318944
1141,2024-01-05,Neha,West,Mobile,14807,10969,3838,2024,January,25.92017289120011
1142,2023-06-23,Kiran,West,Laptop,48065,41129,6936,2023,June,14.430458753770935
1143,2023-07-14,Anjali,West,Monitor,9705,7620,2085,2023,July,21.483771251931994
1144,2023-12-17,Rohit,South,Laptop,61881,55290,6591,2023,December,10.651088379308673
1145,2023-12-27,Aman,West,Mobile,44251,38543,5708,2023,December,12.899143522180289
1147,2023-07-30,Kiran,South,Mobile,27946,17429,10517,2023,July,37.633292778930794
1148,2023-11-14,Priya,West,Monitor,23758,15909,7849,2023,November,33.03729270140584
1149,2023-08-24,Rohit,North,Printer,42700,34300,8400,2023,August,19.672131147540984
1150,2023-08-15,Anjali,East,Printer,37780,27845,9935,2023,August,26.296982530439383
1151,2023-07-16,Pooja,North,Mobile,54986,42425,12561,2023,July,22.84399665369367
1152,2023-12-25,Rohit,North,Printer,40976,24685,16291,2023,December,39.75741897696212
1153,2024-02-03,Rahul,West,Tablet,35162,27500,7662,2024,February,21.790569364655024
1154,2023-11-22,Priya,East,Mobile,17735,15447,2288,2023,November,12.9010431350437
1155,2023-06-08,Pooja,North,Monitor,52823,43299,9524,2023,June,18.030024799803115
1156,2023-06-01,Anjali,West,Mobile,31318,20032,11286,2023,June,36.03678395810716
1157,2023-07-07,Suresh,East,Mobile,38681,33815,4866,2023,July,12.579819549649699
1158,2024-02-17,Rohit,East,Laptop,66385,59007,7378,2024,February,11.11395646606914
1159,2023-04-26,Vikas,East,Laptop,56717,34267,22450,2023,April,39.582488495512806
1160,2023-08-21,Anjali,East,Monitor,54941,46519,8422,2023,August,15.329171292841412
1161,2023-02-25,Priya,West,Laptop,78584,54883,23701,2023,February,30.160083477552686
1162,2023-11-28,Aman,West,Tablet,58516,37157,21359,2023,November,36.50112789664365
1164,2023-03-11,Vikas,West,Tablet,75804,55013,20791,2023,March,27.42731254287373
1165,2023-03-21,Vikas,North,Printer,58492,51573,6919,2023,March,11.828968064008754
1166,2023-12-20,Anjali,South,Printer,63287,56019,7268,2023,December,11.484191066095722
1167,2023-02-20,Anjali,East,Laptop,57184,39043,18141,2023,February,31.723908785674315
1168,2024-03-10,Pooja,North,Mobile,7799,4797,3002,2024,March,38.49211437363765
1169,2023-03-06,Kiran,South,Laptop,77641,51409,26232,2023,March,33.786272716734715
1170,2024-03-21,Priya,East,Mobile,5371,3669,1702,2024,March,31.688698566374978
1171,2023-03-08,Suresh,East,Mobile,19408,15493,3915,2023,March,20.17209398186315
1173,2023-03-06,Vikas,North,Laptop,67422,49520,17902,2023,March,26.552163982082998
1174,2023-10-31,Aman,West,Monitor,34038,30076,3962,2023,October,11.639931840883719
1176,2023-07-25,Vikas,North,Printer,63138,39274,23864,2023,July,37.79657258703158
1177,2023-11-08,Neha,North,Mobile,41046,32315,8731,2023,November,21.27125663889295
1178,2023-12-31,Anjali,West,Monitor,74541,51319,23222,2023,December,31.15332501576314
1179,2023-08-09,Aman,North,Monitor,33183,24191,8992,2023,August,27.098212940361027
1180,2023-07-31,Anjali,West,Printer,59524,48743,10781,2023,July,18.112022041529467
1181,2023-06-10,Rohit,East,Mobile,67163,41650,25513,2023,June,37.986689099653084
1182,2023-02-17,Vikas,North,Tablet,22054,16913,5141,2023,February,23.310963997460778
1183,2023-10-15,Suresh,East,Laptop,58845,41549,17296,2023,October,29.39247174781205
1184,2024-01-20,Vikas,North,Tablet,45953,32419,13534,2024,January,29.451831218854046
1185,2023-04-19,Neha,West,Mobile,19184,13525,5659,2023,April,29.49854045037531
1186,2023-02-28,Rohit,South,Printer,78526,70073,8453,2023,February,10.764587525150905
1187,2023-11-11,Suresh,North,Monitor,40054,24380,15674,2023,November,39.13217156838268
1188,2024-01-26,Rohit,East,Tablet,5800,3795,2005,2024,January,34.56896551724138
1189,2023-12-03,Vikas,North,Mobile,9018,5659,3359,2023,December,37.24772676868485
1190,2023-07-12,Vikas,West,Tablet,25631,18224,7407,2023,July,28.898599352346764
1191,2024-02-02,Kiran,North,Laptop,25392,16434,8958,2024,February,35.27882797731569
1192,2023-12-12,Aman,East,Printer,60576,45171,15405,2023,December,25.430863708399364
1193,2023-05-20,Priya,North,Tablet,61349,38850,22499,2023,May,36.673784413763876
1194,2023-10-31,Pooja,East,Laptop,33903,24361,9542,2023,October,28.145001917234463
1195,2023-01-04,Priya,East,Mobile,22987,19061,3926,2023,January,17.07921868882412
1196,2023-03-03,Rahul,West,Printer,28028,17903,10125,2023,March,36.12458969601827
1197,2023-04-28,Suresh,East,Laptop,57044,48973,8071,2023,April,14.14872729822593
1199,2023-12-30,Vikas,East,Laptop,58088,35216,22872,2023,December,39.37474177110591
1200,2024-02-15,Kiran,West,Tablet,16551,12099,4452,2024,February,26.89867681711075
1201,2023-08-12,Kiran,West,Monitor,15308,11002,4306,2023,August,28.12908283250588
1202,2023-06-23,Priya,East,Mobile,15011,11305,3706,2023,June,24.688561721404305
1203,2023-09-19,Priya,East,Tablet,24358,16341,8017,2023,September,32.913211265292716
1204,2023-04-12,Neha,South,Laptop,28218,24983,3235,2023,April,11.464313558721384
1205,2023-08-26,Kiran,West,Monitor,47363,40697,6666,2023,August,14.074277389523468
1206,2023-03-19,Pooja,North,Printer,62961,49702,13259,2023,March,21.05906831212973
1207,2023-10-30,Rahul,East,Monitor,14724,10205,4519,2023,October,30.691388209725616
1208,2023-01-30,Anjali,East,Laptop,16835,13207,3628,2023,January,21.55034155034155
1209,2023-08-25,Kiran,North,Printer,79928,63586,16342,2023,August,20.445901311180062
1210,2023-09-01,Suresh,South,Laptop,64050,40418,23632,2023,September,36.89617486338798
1211,2023-06-25,Aman,South,Laptop,37472,30438,7034,2023,June,18.77134927412468
1212,2023-09-26,Suresh,South,Tablet,53870,47156,6714,2023,September,12.463337664748469
1213,2024-02-01,Anjali,North,Tablet,13639,9532,4107,2024,February,30.112178312192977
1214,2023-07-17,Rohit,East,Monitor,24709,17296,7413,2023,July,30.00121413250233
1215,2023-03-14,Anjali,East,Printer,21901,17050,4851,2023,March,22.149673530889
1216,2023-06-08,Suresh,West,Tablet,21750,17422,4328,2023,June,19.898850574712643
1217,2024-01-14,Suresh,North,Printer,71648,50766,20882,2024,January,29.14526574363555
1218,2023-04-03,Priya,East,Printer,30166,20149,10017,2023,April,33.20625870184977
1219,2023-02-09,Rohit,North,Monitor,75748,64426,11322,2023,February,14.94692929186249
1220,2023-01-20,Anjali,South,Monitor,54377,35142,19235,2023,January,35.373411552678526
1221,2023-12-21,Kiran,South,Printer,10726,7757,2969,2023,December,27.680402759649446
1222,2023-05-02,Pooja,East,Printer,35671,27117,8554,2023,May,23.98026408006504
1223,2024-02-19,Pooja,South,Tablet,79766,71417,8349,2024,February,10.466865581826843
1224,2023-05-25,Vikas,West,Mobile,31174,26197,4977,2023,May,15.96522743311734
1225,2023-05-09,Rahul,West,Tablet,77684,68384,9300,2023,May,11.971577158745687
1226,2023-09-22,Aman,East,Laptop,26012,17735,8277,2023,September,31.819929263416885
1227,2023-03-17,Vikas,North,Mobile,64130,55497,8633,2023,March,13.461718384531421
1228,2023-08-01,Rahul,West,Monitor,54015,36229,17786,2023,August,32.92789040081459
1229,2023-07-11,Priya,North,Tablet,17987,15320,2667,2023,July,14.827375326624784
1230,2024-02-10,Neha,South,Laptop,42601,37285,5316,2024,February,12.47858031501608
1231,2024-03-01,Neha,West,Printer,5688,4958,730,2024,March,12.834036568213783
1233,2023-05-02,Rohit,North,Laptop,36252,26317,9935,2023,May,27.405384530508663
1234,2023-08-23,Aman,North,Printer,75261,45527,29734,2023,August,39.507846029151885
1235,2023-05-04,Neha,East,Printer,5205,4083,1122,2023,May,21.556195965417867
1236,2023-08-02,Neha,North,Monitor,52265,32420,19845,2023,August,37.96996077681049
1237,2023-09-17,Suresh,North,Printer,66621,40842,25779,2023,September,38.69500607916423
1238,2023-07-11,Rohit,North,Tablet,13855,9746,4109,2023,July,29.65716347888849
1239,2023-11-18,Aman,East,Mobile,10811,7629,3182,2023,November,29.43298492276385
1240,2023-11-26,Neha,West,Printer,28891,24368,4523,2023,November,15.655394413485169
1241,2024-02-02,Pooja,North,Tablet,31422,19266,12156,2024,February,38.68627076570556
1242,2023-01-22,Anjali,East,Monitor,57196,51289,5907,2023,January,10.32764528988041
1243,2023-05-10,Rahul,South,Tablet,51789,44468,7321,2023,May,14.13620653034428
1245,2023-08-14,Vikas,East,Mobile,70038,56564,13474,2023,August,19.238127873440135
1246,2024-02-13,Suresh,East,Laptop,60640,37819,22821,2024,February,37.63357519788918
1247,2024-02-26,Neha,East,Tablet,18447,11511,6936,2024,February,37.599609692632946
1248,2023-06-06,Pooja,West,Mobile,63183,44573,18610,2023,June,29.45412531851922
1250,2023-07-06,Suresh,South,Laptop,23714,20266,3448,2023,July,14.539934216074894
1251,2023-08-13,Rahul,South,Laptop,35932,29951,5981,2023,August,16.645330067906045
1252,2023-07-16,Kiran,North,Monitor,25111,20182,4929,2023,July,19.628847915256262
1253,2023-07-10,Pooja,North,Monitor,23047,17488,5559,2023,July,24.120275957825314
1254,2023-11-29,Rohit,South,Laptop,8396,6890,1506,2023,November,17.93711291090996
1255,2023-07-18,Suresh,North,Tablet,39116,31731,7385,2023,July,18.879742304939157
1256,2023-11-10,Rohit,West,Mobile,21074,13502,7572,2023,November,35.9305305115308
1257,2023-03-30,Pooja,North,Tablet,50537,41079,9458,2023,March,18.71500089043671
1258,2023-05-29,Rohit,South,Mobile,52381,39423,12958,2023,May,24.737977510929536
1259,2023-04-13,Neha,South,Printer,8445,5981,2464,2023,April,29.177027827116635
1260,2023-08-28,Suresh,South,Monitor,16300,10101,6199,2023,August,38.030674846625764
1261,2024-01-03,Pooja,West,Printer,14666,9351,5315,2024,January,36.24028364925678
1262,2023-02-07,Pooja,West,Monitor,50156,32024,18132,2023,February,36.151208230321394
1263,2023-10-10,Kiran,South,Mobile,61704,46331,15373,2023,October,24.91410605471282
1264,2024-03-01,Aman,South,Tablet,26581,17240,9341,2024,March,35.14164252661676
1265,2023-04-26,Anjali,East,Laptop,37847,24937,12910,2023,April,34.111025972996536
1266,2023-05-21,Neha,East,Monitor,74924,47054,27870,2023,May,37.19769366291175
1267,2023-10-31,Kiran,South,Mobile,49252,42000,7252,2023,October,14.724275156338829
1268,2024-02-27,Rahul,North,Laptop,39688,31565,8123,2024,February,20.467143721023987
1269,2023-08-02,Kiran,North,Printer,76509,52554,23955,2023,August,31.310041955848334
1270,2023-09-05,Priya,West,Tablet,64446,40078,24368,2023,September,37.811501101697544
1271,2023-08-14,Vikas,West,Printer,31741,22284,9457,2023,August,29.794272392174157
1272,2024-03-17,Anjali,East,Printer,22139,18335,3804,2024,March,17.182347892858758
1273,2023-02-24,Anjali,South,Printer,21059,14325,6734,2023,February,31.976827009829528
1274,2023-02-19,Rahul,East,Printer,59805,40337,19468,2023,February,32.55246216871499
1275,2023-03-23,Anjali,East,Mobile,25885,19400,6485,2023,March,25.05311956731698
1276,2023-09-13,Rohit,West,Laptop,16802,14845,1957,2023,September,11.64742292584216
1277,2023-05-04,Priya,East,Laptop,11624,7955,3669,2023,May,31.56400550584997
1278,2024-03-07,Pooja,East,Monitor,6071,5185,886,2024,March,14.593971339153352
1279,2023-05-16,Anjali,West,Tablet,10930,7871,3059,2023,May,27.9871912168344
1280,2023-04-10,Anjali,East,Laptop,55639,41800,13839,2023,April,24.87284099282877
1281,2023-05-24,Kiran,North,Mobile,17672,12691,4981,2023,May,28.185830692621096
1282,2023-06-23,Suresh,East,Mobile,31090,24273,6817,2023,June,21.926664522354457
1283,2023-01-21,Rahul,North,Mobile,48652,40925,7727,2023,January,15.8821836717915
1284,2023-03-18,Kiran,South,Tablet,46750,30329,16421,2023,March,35.12513368983957
1285,2024-01-14,Rohit,East,Monitor,71809,54553,17256,2024,January,24.030414014956342
1286,2023-06-03,Pooja,North,Tablet,48416,38836,9580,2023,June,19.78684732319894
1287,2023-10-26,Rohit,North,Monitor,67205,45676,21529,2023,October,32.03481883788409
1288,2024-02-02,Kiran,South,Laptop,67973,44260,23713,2024,February,34.88591058214291
1289,2023-11-14,Vikas,South,Mobile,9138,7052,2086,2023,November,22.827752243379294
1290,2023-04-08,Rahul,West,Tablet,59890,38654,21236,2023,April,35.45834029053264
1291,2023-07-30,Suresh,West,Laptop,23098,17452,5646,2023,July,24.44367477703697
1292,2023-12-06,Pooja,West,Tablet,27699,20439,7260,2023,December,26.210332502978446
1293,2023-10-07,Anjali,East,Monitor,68462,45026,23436,2023,October,34.23212877216558
1294,2023-10-13,Rohit,South,Tablet,42880,34795,8085,2023,October,18.854944029850746
1295,2023-09-08,Anjali,West,Tablet,78464,69056,9408,2023,September,11.99021207177814
1296,2023-05-21,Rohit,North,Monitor,76197,54397,21800,2023,May,28.61005026444611
1297,2024-02-24,Anjali,South,Tablet,10513,7214,3299,2024,February,31.38019594787406
1298,2023-06-27,Pooja,East,Printer,33047,21831,11216,2023,June,33.93954065421975
1299,2023-10-15,Rohit,South,Laptop,36363,24462,11901,2023,October,32.72832274564805
1300,2023-09-29,Priya,South,Laptop,18133,13128,5005,2023,September,27.601610323719182
1301,2023-02-21,Neha,North,Monitor,25701,18557,7144,2023,February,27.79658379051399
1302,2024-03-25,Pooja,West,Mobile,42649,29698,12951,2024,March,30.36647987057141
1303,2024-01-29,Aman,South,Monitor,9888,8641,1247,2024,January,12.611245954692556
1304,2024-03-04,Neha,North,Printer,69930,45866,24064,2024,March,34.41155441155441
1305,2024-03-22,Rohit,North,Laptop,44110,33981,10129,2024,March,22.963046928134208
1306,2023-06-21,Rohit,West,Monitor,73723,55157,18566,2023,June,25.18345699442508
1307,2024-03-11,Suresh,West,Tablet,30272,25508,4764,2024,March,15.737315010570823
1308,2024-01-10,Pooja,East,Mobile,6846,5620,1226,2024,January,17.908267601519135
1309,2023-10-18,Priya,South,Monitor,58148,49315,8833,2023,October,15.1905482561739
1310,2023-02-14,Vikas,North,Mobile,23430,17414,6016,2023,February,25.676483141271873
1311,2023-01-04,Rohit,West,Mobile,63554,52503,11051,2023,January,17.388362652232747
1312,2023-06-04,Kiran,North,Tablet,52127,42109,10018,2023,June,19.218447253822397
1313,2023-03-02,Pooja,East,Mobile,58138,46848,11290,2023,March,19.419312669854484
1314,2023-12-27,Rohit,North,Tablet,53174,41709,11465,2023,December,21.561289351938917
1315,2023-03-10,Pooja,South,Printer,53971,39115,14856,2023,March,27.52589353541717
1316,2023-08-30,Suresh,South,Mobile,15730,11917,3813,2023,August,24.240305149396058
1317,2023-07-05,Aman,North,Laptop,76781,66865,9916,2023,July,12.91465336476472
1318,2023-10-02,Neha,South,Tablet,73202,53624,19578,2023,October,26.745170896970027
1319,2024-01-03,Kiran,West,Laptop,71895,52745,19150,2024,January,26.636066485847415
1320,2023-03-09,Suresh,West,Printer,78912,48714,30198,2023,March,38.26794403892944
1321,2024-02-18,Rohit,North,Printer,38352,32404,5948,2024,February,15.508969545264915
1322,2023-10-24,Aman,North,Printer,50158,40633,9525,2023,October,18.989991626460384
1323,2023-01-31,Aman,West,Laptop,42629,30806,11823,2023,January,27.734640737526096
1324,2024-01-28,Vikas,East,Printer,63790,54915,8875,2024,January,13.912839002978522
1325,2023-07-12,Aman,South,Tablet,20549,13429,7120,2023,July,34.648888023748114
1326,2023-09-28,Neha,South,Laptop,7979,7129,850,2023,September,10.652964030580273
1327,2024-01-04,Suresh,West,Monitor,54712,46341,8371,2024,January,15.300116976166105
1328,2023-06-27,Neha,East,Mobile,19790,12065,7725,2023,June,39.034866093986864
1329,2023-11-11,Rahul,South,Mobile,13819,8709,5110,2023,November,36.97807366669078
1331,2023-04-22,Rahul,South,Monitor,42914,28763,14151,2023,April,32.975252831243886
1332,2023-10-22,Anjali,East,Mobile,44552,38442,6110,2023,October,13.714311366493087
1333,2023-09-24,Priya,West,Tablet,41064,25389,15675,2023,September,38.17212156633548
1334,2024-03-26,Neha,West,Monitor,69962,42961,27001,2024,March,38.5938080672365
1335,2023-11-26,Vikas,East,Printer,58511,37725,20786,2023,November,35.52494402761874
1336,2024-01-22,Suresh,West,Mobile,34536,23837,10699,2024,January,30.979268010192264
1337,2024-02-17,Pooja,North,Monitor,59090,52609,6481,2024,February,10.968014892536807
1338,2023-03-10,Vikas,South,Tablet,31651,22126,9525,2023,March,30.093835897759945
1339,2023-08-19,Anjali,North,Monitor,29966,18442,11524,2023,August,38.456917840218914
1340,2023-11-06,Kiran,North,Laptop,29662,24957,4705,2023,November,15.8620457150563
1341,2023-12-10,Suresh,South,Printer,32379,27873,4506,2023,December,13.916427313999815
1342,2023-01-08,Priya,South,Laptop,67773,59256,8517,2023,January,12.566951440839272
1343,2023-12-27,Priya,West,Mobile,77362,53881,23481,2023,December,30.352110855458754
1344,2023-08-27,Suresh,East,Tablet,39283,27808,11475,2023,August,29.21110913117634
1345,2023-08-27,Aman,West,Tablet,31624,22491,9133,2023,August,28.879964583860357
1346,2023-10-16,Priya,South,Laptop,39180,30011,9169,2023,October,23.40224604389995
1347,2024-01-04,Vikas,East,Mobile,30715,21468,9247,2024,January,30.105811492755986
1348,2024-03-02,Priya,West,Monitor,49245,33348,15897,2024,March,32.28144989339019
1349,2024-01-06,Pooja,West,Mobile,51160,33293,17867,2024,January,34.923768569194685
1350,2023-09-08,Neha,North,Monitor,9433,8034,1399,2023,September,14.830912753100817
1351,2024-02-23,Rahul,North,Printer,23021,19631,3390,2024,February,14.725685243907735
1352,2023-12-29,Neha,North,Mobile,71287,52524,18763,2023,December,26.320366967329246
1353,2023-11-23,Kiran,West,Printer,7061,4250,2811,2023,November,39.810225180569326
1354,2023-01-07,Rahul,East,Monitor,42576,25764,16812,2023,January,39.48703494926719
1355,2023-12-12,Vikas,South,Laptop,17624,13346,4278,2023,December,24.273717657739446
1356,2023-11-14,Suresh,East,Tablet,40038,33571,6467,2023,November,16.152155452320297
1357,2023-07-27,Pooja,South,Mobile,44318,35685,8633,2023,July,19.479669660183223
1358,2023-12-01,Rahul,North,Printer,54710,39016,15694,2023,December,28.685797843173095
1359,2023-11-23,Rahul,South,Laptop,70517,60193,10324,2023,November,14.640441312024052
1360,2023-06-19,Kiran,North,Monitor,10577,7075,3502,2023,June,33.10957738489175
1361,2023-12-21,Kiran,West,Tablet,11102,9739,1363,2023,December,12.277067195099981
1362,2023-05-24,Suresh,North,Mobile,46220,27949,18271,2023,May,39.53050627434011
1363,2023-03-15,Vikas,North,Tablet,26292,20223,6069,2023,March,23.083067092651756
1364,2024-03-10,Vikas,East,Printer,23343,19541,3802,2024,March,16.287538019963158
1365,2023-02-10,Suresh,East,Laptop,17803,13016,4787,2023,February,26.88872661910914
1366,2023-06-24,Kiran,West,Tablet,8883,7019,1864,2023,June,20.983901834965664
1367,2023-08-19,Pooja,South,Tablet,77487,68370,9117,2023,August,11.765844593286616
1368,2023-12-15,Kiran,West,Laptop,43715,36695,7020,2023,December,16.058561134621982
1369,2023-02-12,Rohit,South,Printer,25221,20729,4492,2023,February,17.810554696483088
1370,2023-02-24,Aman,North,Tablet,63292,44809,18483,2023,February,29.202742842697337
1371,2023-03-09,Aman,South,Printer,63830,48963,14867,2023,March,23.29155569481435
1372,2023-02-22,Rahul,North,Tablet,77642,48752,28890,2023,February,37.20924242033951
1373,2023-06-16,Vikas,North,Tablet,59238,42434,16804,2023,June,28.366926634930284
1374,2023-10-14,Priya,South,Printer,27216,17463,9753,2023,October,35.83553791887125
1375,2023-09-10,Neha,North,Mobile,61973,42314,19659,2023,September,31.721878882739258
1376,2024-02-05,Aman,East,Tablet,37321,30464,6857,2024,February,18.3730339487152
1377,2023-11-12,Priya,West,Laptop,22758,15734,7024,2023,November,30.863872044995166
1378,2023-06-20,Kiran,West,Tablet,62700,43916,18784,2023,June,29.9585326953748
1379,2024-03-16,Kiran,South,Tablet,47030,36728,10302,2024,March,21.905166914735275
1380,2023-09-03,Anjali,South,Printer,46830,32192,14638,2023,September,31.257740764467222
1381,2023-09-09,Kiran,South,Tablet,54290,37139,17151,2023,September,31.591453306317923
1382,2023-07-06,Aman,South,Monitor,76516,50039,26477,2023,July,34.60322024151811
1383,2023-01-14,Pooja,South,Printer,43185,36680,6505,2023,January,15.063100613638994
1384,2024-03-10,Vikas,West,Mobile,44692,30060,14632,2024,March,32.73964020406337
1385,2024-01-02,Vikas,West,Laptop,63860,57295,6565,2024,January,10.280300657688695
1386,2023-07-25,Suresh,West,Monitor,9818,8219,1599,2023,July,16.286412711346507
1387,2024-02-20,Suresh,North,Laptop,37536,29926,7610,2024,February,20.273870417732308
1388,2023-11-28,Kiran,North,Monitor,57378,51068,6310,2023,November,10.99724633134651
1389,2024-02-12,Vikas,North,Laptop,17924,12145,5779,2024,February,32.24168712340995
1390,2023-09-23,Suresh,South,Printer,54036,38762,15274,2023,September,28.266340957879933
1391,2023-10-29,Suresh,South,Tablet,8219,6121,2098,2023,October,25.526219734760918
1392,2023-02-13,Aman,South,Tablet,45880,32249,13631,2023,February,29.7101133391456
1393,2023-09-24,Pooja,East,Printer,17795,13016,4779,2023,September,26.855858387187414
1394,2023-06-13,Aman,East,Laptop,20084,12186,7898,2023,June,39.32483569010157
1395,2023-02-25,Neha,South,Monitor,27865,21332,6533,2023,February,23.44518212811771
1396,2023-08-07,Pooja,South,Printer,29176,19137,10039,2023,August,34.408417877707706
1397,2023-07-22,Rahul,South,Printer,61302,43932,17370,2023,July,28.335127728295976
1398,2023-04-16,Rohit,North,Monitor,18336,15399,2937,2023,April,16.01767015706806
1399,2023-07-07,Anjali,South,Printer,19936,13530,6406,2023,July,32.13282504012841
1400,2023-09-28,Anjali,West,Monitor,56451,43811,12640,2023,September,22.391100246231243
1401,2024-03-08,Pooja,South,Tablet,16108,12912,3196,2024,March,19.841072758877576
1402,2023-05-03,Rohit,North,Mobile,53929,43576,10353,2023,May,19.197463331417232
1403,2023-08-03,Kiran,South,Monitor,55293,40193,15100,2023,August,27.309062629989327
1404,2023-10-03,Neha,South,Printer,42858,27518,15340,2023,October,35.792617480983715
1405,2023-08-19,Kiran,North,Tablet,6256,4663,1593,2023,August,25.463554987212277
1406,2023-07-16,Suresh,West,Printer,69451,50330,19121,2023,July,27.531641013088365
1407,2023-09-08,Neha,North,Monitor,9044,7585,1459,2023,September,16.13224237063246
1408,2023-01-17,Rohit,South,Monitor,42836,27863,14973,2023,January,34.95424409375292
1409,2024-01-16,Pooja,North,Monitor,19969,13586,6383,2024,January,31.96454504481947
1410,2023-07-07,Suresh,North,Printer,76611,50989,25622,2023,July,33.44428345798906
1411,2024-01-12,Priya,East,Laptop,63947,43410,20537,2024,January,32.11565827951272
1412,2023-02-14,Pooja,North,Mobile,32509,27411,5098,2023,February,15.681811190747178
1413,2023-06-29,Kiran,West,Mobile,23249,19423,3826,2023,June,16.456621790184524
1414,2024-02-17,Rahul,East,Monitor,41842,32597,9245,2024,February,22.095024138425508
1415,2023-12-27,Rohit,East,Monitor,40041,35465,4576,2023,December,11.428286006842987
1416,2023-12-14,Aman,South,Printer,12770,11464,1306,2023,December,10.227094753328112
1417,2023-03-06,Neha,South,Mobile,47217,40065,7152,2023,March,15.147086854310949
1418,2023-12-13,Vikas,West,Mobile,40221,31707,8514,2023,December,21.16804654285075
1419,2023-02-08,Aman,West,Monitor,41467,33522,7945,2023,February,19.159813827863122
1420,2023-08-21,Pooja,East,Monitor,5324,4582,742,2023,August,13.936889556724266
1421,2023-02-17,Pooja,East,Laptop,75048,53983,21065,2023,February,28.068702696940623
1422,2024-02-27,Priya,West,Tablet,47318,40149,7169,2024,February,15.150682615495159
1423,2023-10-23,Neha,West,Tablet,11345,6963,4382,2023,October,38.62494490965183
1424,2024-03-04,Pooja,North,Laptop,25707,18827,6880,2024,March,26.763138444781575
1426,2023-05-21,Aman,East,Tablet,15803,11244,4559,2023,May,28.848952730494208
1427,2023-03-26,Rahul,West,Tablet,35689,26009,9680,2023,March,27.123203227885345
1428,2023-02-18,Rahul,South,Printer,15215,9734,5481,2023,February,36.02366086099244
1429,2023-12-15,Pooja,North,Laptop,50032,42283,7749,2023,December,15.488087623920691
1430,2023-08-05,Neha,West,Laptop,35008,25027,9981,2023,August,28.510626142595978
1431,2023-02-22,Aman,East,Tablet,44223,28353,15870,2023,February,35.886303507224746
1432,2024-01-21,Neha,South,Laptop,74534,57315,17219,2024,January,23.102208388118175
1433,2023-03-26,Pooja,East,Mobile,24840,21759,3081,2023,March,12.403381642512077
1434,2023-08-15,Priya,North,Laptop,23351,19281,4070,2023,August,17.429660399982872
1435,2023-07-16,Anjali,West,Tablet,23327,15730,7597,2023,July,32.56741115445621
1436,2023-05-08,Suresh,East,Laptop,44537,29467,15070,2023,May,33.83703437591216
1437,2023-04-07,Vikas,East,Laptop,36370,27221,9149,2023,April,25.15534781413253
1438,2023-09-13,Kiran,North,Monitor,6581,5897,684,2023,September,10.393557210150433
1439,2023-03-09,Vikas,West,Tablet,76612,61663,14949,2023,March,19.51260899075863
1440,2024-01-30,Aman,North,Monitor,13851,8367,5484,2024,January,39.59280918345246
1441,2023-01-31,Vikas,East,Monitor,59451,43225,16226,2023,January,27.293064876957494
1442,2023-11-24,Suresh,South,Tablet,15957,11057,4900,2023,November,30.70752647740803
1443,2023-04-15,Neha,East,Printer,13665,9470,4195,2023,April,30.698865715331138
1444,2024-03-09,Priya,North,Mobile,16300,14301,1999,2024,March,12.263803680981596
1445,2023-11-10,Kiran,North,Tablet,28022,17817,10205,2023,November,36.41781457426308
1446,2023-12-26,Rahul,South,Printer,50443,38180,12263,2023,December,24.310608013004778
1447,2024-01-05,Rohit,South,Tablet,21637,17849,3788,2024,January,17.50704811203032
1448,2024-01-11,Aman,North,Tablet,61272,41762,19510,2024,January,31.841624232928577
1449,2023-12-31,Kiran,North,Printer,64663,48706,15957,2023,December,24.677172416992715
1450,2024-03-15,Kiran,South,Tablet,25618,17331,8287,2024,March,32.348348817237884
1451,2023-10-21,Aman,South,Monitor,5336,3272,2064,2023,October,38.68065967016492
1452,2023-05-06,Rahul,West,Tablet,55197,48356,6841,2023,May,12.393789517546242
1453,2024-03-15,Rahul,West,Mobile,47179,31821,15358,2024,March,32.55261874986752
1454,2023-06-13,Rohit,North,Monitor,53864,34247,19617,2023,June,36.41950096539433
1455,2023-01-27,Neha,South,Monitor,11019,9765,1254,2023,January,11.380343043833378
1456,2023-08-27,Rohit,East,Tablet,16322,12501,3821,2023,August,23.410121308663154
1458,2023-07-08,Kiran,West,Mobile,76638,63467,13171,2023,July,17.185991283697383
1459,2023-01-04,Vikas,North,Mobile,75981,53485,22496,2023,January,29.607401850462615
1460,2024-03-25,Rahul,East,Laptop,54319,46426,7893,2024,March,14.530827150720743
1461,2023-02-23,Priya,South,Printer,69491,61732,7759,2023,February,11.165474665784059
1462,2023-03-14,Rohit,North,Laptop,35339,30716,4623,2023,March,13.081864229321713
1463,2023-12-25,Anjali,West,Laptop,17527,13173,4354,2023,December,24.84167284760655
1464,2023-07-21,Aman,North,Printer,22132,14851,7281,2023,July,32.89806614856317
1465,2023-06-11,Vikas,East,Tablet,64343,43855,20488,2023,June,31.84184759802931
1466,2023-04-14,Neha,North,Mobile,18848,12238,6610,2023,April,35.07003395585739
1467,2023-07-28,Aman,East,Mobile,64233,44480,19753,2023,July,30.75210561549359
1468,2023-03-03,Aman,South,Tablet,10286,6835,3451,2023,March,33.550456931751896
1469,2023-03-17,Aman,South,Tablet,56936,42931,14005,2023,March,24.597794014331882
1470,2023-05-14,Neha,North,Printer,64270,49281,14989,2023,May,23.321923136766763
1471,2023-02-18,Pooja,North,Mobile,20919,12626,8293,2023,February,39.64338639514317
1472,2023-04-24,Neha,South,Printer,53790,43348,10442,2023,April,19.412530210076223
1473,2023-02-13,Kiran,East,Laptop,7857,7064,793,2023,February,10.092910780196004
1474,2023-11-27,Pooja,South,Laptop,48456,30854,17602,2023,November,36.32573881459468
1475,2023-01-26,Neha,West,Printer,70028,42636,27392,2023,January,39.11578225852516
1476,2023-03-30,Anjali,South,Mobile,41042,28070,12972,2023,March,31.606646849568737
1477,2023-01-18,Kiran,South,Tablet,70390,50934,19456,2023,January,27.64028981389402
1478,2023-02-01,Aman,East,Printer,22987,16683,6304,2023,February,27.424196284856656
1479,2024-02-13,Suresh,South,Monitor,7559,6779,780,2024,February,10.318825241434052
1480,2023-07-03,Pooja,West,Tablet,79141,59412,19729,2023,July,24.928924324939032
1481,2023-04-03,Rahul,East,Monitor,33707,20520,13187,2023,April,39.12243747589522
1482,2023-05-24,Rahul,West,Monitor,51849,43037,8812,2023,May,16.995506181411407
1483,2023-03-23,Aman,South,Mobile,39934,30354,9580,2023,March,23.989582811639202
1484,2024-01-13,Rahul,South,Monitor,55911,39497,16414,2024,January,29.357371536906868
1485,2024-03-08,Neha,South,Mobile,46681,39299,7382,2024,March,15.813714359161116
1486,2023-10-30,Rahul,East,Monitor,78873,50686,28187,2023,October,35.7371977736361
1487,2024-03-04,Pooja,East,Mobile,69282,42358,26924,2024,March,38.861464738315874
1488,2023-11-05,Priya,North,Monitor,67650,40603,27047,2023,November,39.980783444198075
1489,2023-04-14,Neha,East,Mobile,47413,29294,18119,2023,April,38.215257418851365
1490,2023-12-27,Neha,North,Monitor,52826,46918,5908,2023,December,11.18388672244728
1491,2023-12-06,Vikas,North,Tablet,44552,31042,13510,2023,December,30.324115640150833
1492,2024-01-10,Vikas,West,Tablet,27833,22604,5229,2024,January,18.78705134193224
1493,2023-11-11,Anjali,South,Monitor,27983,19966,8017,2023,November,28.649537219025838
1494,2023-05-31,Neha,South,Laptop,56327,48172,8155,2023,May,14.47795906048609
1495,2023-10-18,Rahul,South,Monitor,46709,40931,5778,2023,October,12.370207026483119
1496,2023-04-24,Kiran,North,Printer,23434,16388,7046,2023,April,30.067423401894683
1497,2023-06-27,Anjali,South,Laptop,49007,35970,13037,2023,June,26.602322117248555
1498,2023-05-08,Aman,East,Tablet,19160,15636,3524,2023,May,18.39248434237996
1500,2023-10-07,Vikas,North,Printer,34567,22426,12141,2023,October,35.12309428067232
1362,2023-05-24,Suresh,North,Mobile,46220,27949,18271,2023,May,39.53050627434011
1074,2023-08-26,Rahul,South,Laptop,64829,41490,23339,2023,August,36.0008638109488
1375,2023-09-10,Neha,North,Mobile,61973,42314,19659,2023,September,31.721878882739258
1156,2023-06-01,Anjali,West,Mobile,31318,20032,11286,2023,June,36.03678395810716
1105,2023-05-19,Rohit,East,Mobile,20814,16992,3822,2023,May,18.36264053041222
1395,2023-02-25,Neha,South,Monitor,27865,21332,6533,2023,February,23.44518212811771
1378,2023-06-20,Kiran,West,Tablet,62700,43916,18784,2023,June,29.9585326953748
1125,2023-02-16,Pooja,East,Printer,48687,33901,14786,2023,February,30.369503152792326
1069,2023-08-31,Neha,North,Tablet,72561,57987,14574,2023,August,20.08516971927068
1451,2023-10-21,Aman,South,Monitor,5336,3272,2064,2023,October,38.68065967016492
1010,2023-12-16,Aman,South,Monitor,37087,24070,13017,2023,December,35.09855205328012
1195,2023-01-04,Priya,East,Mobile,22987,19061,3926,2023,January,17.07921868882412
1407,2023-09-08,Neha,North,Monitor,9044,7585,1459,2023,September,16.13224237063246
1085,2023-08-08,Neha,West,Mobile,11590,7858,3732,2023,August,32.200172562553924
1372,2023-02-22,Rahul,North,Tablet,77642,48752,28890,2023,February,37.20924242033951
1389,2024-02-12,Vikas,North,Laptop,17924,12145,5779,2024,February,32.24168712340995
1496,2023-04-24,Kiran,North,Printer,23434,16388,7046,2023,April,30.067423401894683
1031,2023-02-19,Vikas,East,Printer,58883,43579,15304,2023,February,25.990523580659953
1317,2023-07-05,Aman,North,Laptop,76781,66865,9916,2023,July,12.91465336476472
1409,2024-01-16,Pooja,North,Monitor,19969,13586,6383,2024,January,31.96454504481947
